;; Object font-utils
;; EIEIO PERSISTENT OBJECT
(pcache-repository "font-utils"
  :file "font-utils"
  :object-name "font-utils"
  :version "27.1/0.4"
  :entries #s(hash-table size 65 test eql rehash-size 1.5 rehash-threshold 0.8125 data (checksum-w:ns-h:localhost-e:27\.1-l:0\.7\.8 (pcache-entry "pcache-entry-1fe7c23c19e0" :timestamp 1624638561.621914 :ttl 7776000 :value "88062f2f10e13659f08f3d1130ac56e6") font-names-w:ns-h:localhost-e:27\.1-l:0\.7\.8 (pcache-entry "pcache-entry-1fe7c2896a14" :timestamp 1624638561.656461 :ttl 7776000 :value #s(hash-table size 1955 test equal rehash-size 1.5 rehash-threshold 0.8125 data ("AL BAYAN" "Al Bayan" "ALBAYAN" "Al Bayan" "AL_BAYAN" "Al Bayan" "AL-BAYAN" "Al Bayan" "AL NILE" "Al Nile" "ALNILE" "Al Nile" "AL_NILE" "Al Nile" "AL-NILE" "Al Nile" "AL TARIKH" "Al Tarikh" "ALTARIKH" "Al Tarikh" "AL_TARIKH" "Al Tarikh" "AL-TARIKH" "Al Tarikh" "AMERICAN TYPEWRITER" "American Typewriter" "AMERICANTYPEWRITER" "American Typewriter" "AMERICAN_TYPEWRITER" "American Typewriter" "AMERICAN-TYPEWRITER" "American Typewriter" "ANDALE MONO" "Andale Mono" "ANDALEMONO" "Andale Mono" "ANDALE_MONO" "Andale Mono" "ANDALE-MONO" "Andale Mono" "ANONYMOUS PRO FOR POWERLINE" "Anonymous Pro for Powerline" "ANONYMOUSPROFORPOWERLINE" "Anonymous Pro for Powerline" "ANONYMOUS_PRO_FOR_POWERLINE" "Anonymous Pro for Powerline" "ANONYMOUS-PRO-FOR-POWERLINE" "Anonymous Pro for Powerline" "APPLE BRAILLE" "Apple Braille" "APPLEBRAILLE" "Apple Braille" "APPLE_BRAILLE" "Apple Braille" "APPLE-BRAILLE" "Apple Braille" "APPLE CHANCERY" "Apple Chancery" "APPLECHANCERY" "Apple Chancery" "APPLE_CHANCERY" "Apple Chancery" "APPLE-CHANCERY" "Apple Chancery" "APPLE COLOR EMOJI" "Apple Color Emoji" "APPLECOLOREMOJI" "Apple Color Emoji" "APPLE_COLOR_EMOJI" "Apple Color Emoji" "APPLE-COLOR-EMOJI" "Apple Color Emoji" "APPLE LIGOTHIC" "Apple LiGothic" "APPLELIGOTHIC" "Apple LiGothic" "APPLE_LIGOTHIC" "Apple LiGothic" "APPLE-LIGOTHIC" "Apple LiGothic" "APPLE LI GOTHIC" "Apple LiGothic" "APPLE_LI_GOTHIC" "Apple LiGothic" "APPLE-LI-GOTHIC" "Apple LiGothic" "APPLE LISUNG" "Apple LiSung" "APPLELISUNG" "Apple LiSung" "APPLE_LISUNG" "Apple LiSung" "APPLE-LISUNG" "Apple LiSung" "APPLE LI SUNG" "Apple LiSung" "APPLE_LI_SUNG" "Apple LiSung" "APPLE-LI-SUNG" "Apple LiSung" "APPLE SD GOTHIC NEO" "Apple SD Gothic Neo" "APPLESDGOTHICNEO" "Apple SD Gothic Neo" "APPLE_SD_GOTHIC_NEO" "Apple SD Gothic Neo" "APPLE-SD-GOTHIC-NEO" "Apple SD Gothic Neo" "APPLE SYMBOLS" "Apple Symbols" "APPLESYMBOLS" "Apple Symbols" "APPLE_SYMBOLS" "Apple Symbols" "APPLE-SYMBOLS" "Apple Symbols" "APPLEGOTHIC" "AppleGothic" "APPLE GOTHIC" "AppleGothic" "APPLE_GOTHIC" "AppleGothic" "APPLE-GOTHIC" "AppleGothic" "APPLEMYUNGJO" "AppleMyungjo" "APPLE MYUNGJO" "AppleMyungjo" "APPLE_MYUNGJO" "AppleMyungjo" "APPLE-MYUNGJO" "AppleMyungjo" "ARIAL" "Arial" "ARIAL BLACK" "Arial Black" "ARIALBLACK" "Arial Black" "ARIAL_BLACK" "Arial Black" "ARIAL-BLACK" "Arial Black" "ARIAL HEBREW" "Arial Hebrew" "ARIALHEBREW" "Arial Hebrew" "ARIAL_HEBREW" "Arial Hebrew" "ARIAL-HEBREW" "Arial Hebrew" "ARIAL HEBREW SCHOLAR" "Arial Hebrew Scholar" "ARIALHEBREWSCHOLAR" "Arial Hebrew Scholar" "ARIAL_HEBREW_SCHOLAR" "Arial Hebrew Scholar" "ARIAL-HEBREW-SCHOLAR" "Arial Hebrew Scholar" "ARIAL NARROW" "Arial Narrow" "ARIALNARROW" "Arial Narrow" "ARIAL_NARROW" "Arial Narrow" "ARIAL-NARROW" "Arial Narrow" "ARIAL ROUNDED MT BOLD" "Arial Rounded MT Bold" "ARIALROUNDEDMTBOLD" "Arial Rounded MT Bold" "ARIAL_ROUNDED_MT_BOLD" "Arial Rounded MT Bold" "ARIAL-ROUNDED-MT-BOLD" "Arial Rounded MT Bold" "ARIAL UNICODE MS" "Arial Unicode MS" "ARIALUNICODEMS" "Arial Unicode MS" "ARIAL_UNICODE_MS" "Arial Unicode MS" "ARIAL-UNICODE-MS" "Arial Unicode MS" "ARIMO FOR POWERLINE" "Arimo for Powerline" "ARIMOFORPOWERLINE" "Arimo for Powerline" "ARIMO_FOR_POWERLINE" "Arimo for Powerline" "ARIMO-FOR-POWERLINE" "Arimo for Powerline" "ATHELAS" "Athelas" "AVENIR" "Avenir" "AVENIR NEXT" "Avenir Next" "AVENIRNEXT" "Avenir Next" "AVENIR_NEXT" "Avenir Next" "AVENIR-NEXT" "Avenir Next" "AVENIR NEXT CONDENSED" "Avenir Next Condensed" "AVENIRNEXTCONDENSED" "Avenir Next Condensed" "AVENIR_NEXT_CONDENSED" "Avenir Next Condensed" "AVENIR-NEXT-CONDENSED" "Avenir Next Condensed" "AYUTHAYA" "Ayuthaya" "BAGHDAD" "Baghdad" "BALOO" "Baloo" "BALOO BHAI" "Baloo Bhai" "BALOOBHAI" "Baloo Bhai" "BALOO_BHAI" "Baloo Bhai" "BALOO-BHAI" "Baloo Bhai" "BALOO BHAIJAAN" "Baloo Bhaijaan" "BALOOBHAIJAAN" "Baloo Bhaijaan" "BALOO_BHAIJAAN" "Baloo Bhaijaan" "BALOO-BHAIJAAN" "Baloo Bhaijaan" "BALOO BHAINA" "Baloo Bhaina" "BALOOBHAINA" "Baloo Bhaina" "BALOO_BHAINA" "Baloo Bhaina" "BALOO-BHAINA" "Baloo Bhaina" "BALOO CHETTAN" "Baloo Chettan" "BALOOCHETTAN" "Baloo Chettan" "BALOO_CHETTAN" "Baloo Chettan" "BALOO-CHETTAN" "Baloo Chettan" "BALOO DA" "Baloo Da" "BALOODA" "Baloo Da" "BALOO_DA" "Baloo Da" "BALOO-DA" "Baloo Da" "BALOO PAAJI" "Baloo Paaji" "BALOOPAAJI" "Baloo Paaji" "BALOO_PAAJI" "Baloo Paaji" "BALOO-PAAJI" "Baloo Paaji" "BALOO TAMMA" "Baloo Tamma" "BALOOTAMMA" "Baloo Tamma" "BALOO_TAMMA" "Baloo Tamma" "BALOO-TAMMA" "Baloo Tamma" "BALOO TAMMUDU" "Baloo Tammudu" "BALOOTAMMUDU" "Baloo Tammudu" "BALOO_TAMMUDU" "Baloo Tammudu" "BALOO-TAMMUDU" "Baloo Tammudu" "BALOO THAMBI" "Baloo Thambi" "BALOOTHAMBI" "Baloo Thambi" "BALOO_THAMBI" "Baloo Thambi" "BALOO-THAMBI" "Baloo Thambi" "BANGLA MN" "Bangla MN" "BANGLAMN" "Bangla MN" "BANGLA_MN" "Bangla MN" "BANGLA-MN" "Bangla MN" "BANGLA SANGAM MN" "Bangla Sangam MN" "BANGLASANGAMMN" "Bangla Sangam MN" "BANGLA_SANGAM_MN" "Bangla Sangam MN" "BANGLA-SANGAM-MN" "Bangla Sangam MN" "BAOLI SC" "Baoli SC" "BAOLISC" "Baoli SC" "BAOLI_SC" "Baoli SC" "BAOLI-SC" "Baoli SC" "BAOLI TC" "Baoli TC" "BAOLITC" "Baoli TC" "BAOLI_TC" "Baoli TC" "BAOLI-TC" "Baoli TC" "BASKERVILLE" "Baskerville" "BEIRUT" "Beirut" "BIAUKAI" "BiauKai" "BIAU KAI" "BiauKai" "BIAU_KAI" "BiauKai" "BIAU-KAI" "BiauKai" "BIG CASLON" "Big Caslon" "BIGCASLON" "Big Caslon" "BIG_CASLON" "Big Caslon" "BIG-CASLON" "Big Caslon" "BODONI 72" "Bodoni 72" "BODONI72" "Bodoni 72" "BODONI_72" "Bodoni 72" "BODONI-72" "Bodoni 72" "BODONI 72 OLDSTYLE" "Bodoni 72 Oldstyle" "BODONI72OLDSTYLE" "Bodoni 72 Oldstyle" "BODONI_72_OLDSTYLE" "Bodoni 72 Oldstyle" "BODONI-72-OLDSTYLE" "Bodoni 72 Oldstyle" "BODONI 72 SMALLCAPS" "Bodoni 72 Smallcaps" "BODONI72SMALLCAPS" "Bodoni 72 Smallcaps" "BODONI_72_SMALLCAPS" "Bodoni 72 Smallcaps" "BODONI-72-SMALLCAPS" "Bodoni 72 Smallcaps" "BODONI ORNAMENTS" "Bodoni Ornaments" "BODONIORNAMENTS" "Bodoni Ornaments" "BODONI_ORNAMENTS" "Bodoni Ornaments" "BODONI-ORNAMENTS" "Bodoni Ornaments" "BRADLEY HAND" "Bradley Hand" "BRADLEYHAND" "Bradley Hand" "BRADLEY_HAND" "Bradley Hand" "BRADLEY-HAND" "Bradley Hand" "BRUSH SCRIPT MT" "Brush Script MT" "BRUSHSCRIPTMT" "Brush Script MT" "BRUSH_SCRIPT_MT" "Brush Script MT" "BRUSH-SCRIPT-MT" "Brush Script MT" "CAMBAY DEVANAGARI" "Cambay Devanagari" "CAMBAYDEVANAGARI" "Cambay Devanagari" "CAMBAY_DEVANAGARI" "Cambay Devanagari" "CAMBAY-DEVANAGARI" "Cambay Devanagari" "CENTURY GOTHIC" "Century Gothic" "CENTURYGOTHIC" "Century Gothic" "CENTURY_GOTHIC" "Century Gothic" "CENTURY-GOTHIC" "Century Gothic" "CHALKBOARD" "Chalkboard" "CHALKBOARD SE" "Chalkboard SE" "CHALKBOARDSE" "Chalkboard SE" "CHALKBOARD_SE" "Chalkboard SE" "CHALKBOARD-SE" "Chalkboard SE" "CHALKDUSTER" "Chalkduster" "CHARTER" "Charter" "COCHIN" "Cochin" "COMIC SANS MS" "Comic Sans MS" "COMICSANSMS" "Comic Sans MS" "COMIC_SANS_MS" "Comic Sans MS" "COMIC-SANS-MS" "Comic Sans MS" "COPPERPLATE" "Copperplate" "CORSIVA HEBREW" "Corsiva Hebrew" "CORSIVAHEBREW" "Corsiva Hebrew" "CORSIVA_HEBREW" "Corsiva Hebrew" "CORSIVA-HEBREW" "Corsiva Hebrew" "COURIER" "Courier" "COURIER NEW" "Courier New" "COURIERNEW" "Courier New" "COURIER_NEW" "Courier New" "COURIER-NEW" "Courier New" "COUSINE FOR POWERLINE" "Cousine for Powerline" "COUSINEFORPOWERLINE" "Cousine for Powerline" "COUSINE_FOR_POWERLINE" "Cousine for Powerline" "COUSINE-FOR-POWERLINE" "Cousine for Powerline" "DIN ALTERNATE" "DIN Alternate" "DINALTERNATE" "DIN Alternate" "DIN_ALTERNATE" "DIN Alternate" "DIN-ALTERNATE" "DIN Alternate" "DIN CONDENSED" "DIN Condensed" "DINCONDENSED" "DIN Condensed" "DIN_CONDENSED" "DIN Condensed" "DIN-CONDENSED" "DIN Condensed" "DAMASCUS" "Damascus" "DECOTYPE NASKH" "DecoType Naskh" "DECOTYPENASKH" "DecoType Naskh" "DECOTYPE_NASKH" "DecoType Naskh" "DECOTYPE-NASKH" "DecoType Naskh" "DECO TYPE NASKH" "DecoType Naskh" "DECO_TYPE_NASKH" "DecoType Naskh" "DECO-TYPE-NASKH" "DecoType Naskh" "DEJAVU SANS MONO" "DejaVu Sans Mono" "DEJAVUSANSMONO" "DejaVu Sans Mono" "DEJAVU_SANS_MONO" "DejaVu Sans Mono" "DEJAVU-SANS-MONO" "DejaVu Sans Mono" "DEJA VU SANS MONO" "DejaVu Sans Mono" "DEJA_VU_SANS_MONO" "DejaVu Sans Mono" "DEJA-VU-SANS-MONO" "DejaVu Sans Mono" "DEJAVU SANS MONO FOR POWERLINE" "DejaVu Sans Mono for Powerline" "DEJAVUSANSMONOFORPOWERLINE" "DejaVu Sans Mono for Powerline" "DEJAVU_SANS_MONO_FOR_POWERLINE" "DejaVu Sans Mono for Powerline" "DEJAVU-SANS-MONO-FOR-POWERLINE" "DejaVu Sans Mono for Powerline" "DEJA VU SANS MONO FOR POWERLINE" "DejaVu Sans Mono for Powerline" "DEJA_VU_SANS_MONO_FOR_POWERLINE" "DejaVu Sans Mono for Powerline" "DEJA-VU-SANS-MONO-FOR-POWERLINE" "DejaVu Sans Mono for Powerline" "DEVANAGARI MT" "Devanagari MT" "DEVANAGARIMT" "Devanagari MT" "DEVANAGARI_MT" "Devanagari MT" "DEVANAGARI-MT" "Devanagari MT" "DEVANAGARI SANGAM MN" "Devanagari Sangam MN" "DEVANAGARISANGAMMN" "Devanagari Sangam MN" "DEVANAGARI_SANGAM_MN" "Devanagari Sangam MN" "DEVANAGARI-SANGAM-MN" "Devanagari Sangam MN" "DIDOT" "Didot" "DIWAN KUFI" "Diwan Kufi" "DIWANKUFI" "Diwan Kufi" "DIWAN_KUFI" "Diwan Kufi" "DIWAN-KUFI" "Diwan Kufi" "DIWAN THULUTH" "Diwan Thuluth" "DIWANTHULUTH" "Diwan Thuluth" "DIWAN_THULUTH" "Diwan Thuluth" "DIWAN-THULUTH" "Diwan Thuluth" "DROID SANS MONO DOTTED FOR POWERLINE" "Droid Sans Mono Dotted for Powerline" "DROIDSANSMONODOTTEDFORPOWERLINE" "Droid Sans Mono Dotted for Powerline" "DROID_SANS_MONO_DOTTED_FOR_POWERLINE" "Droid Sans Mono Dotted for Powerline" "DROID-SANS-MONO-DOTTED-FOR-POWERLINE" "Droid Sans Mono Dotted for Powerline" "DROID SANS MONO SLASHED FOR POWERLINE" "Droid Sans Mono Slashed for Powerline" "DROIDSANSMONOSLASHEDFORPOWERLINE" "Droid Sans Mono Slashed for Powerline" "DROID_SANS_MONO_SLASHED_FOR_POWERLINE" "Droid Sans Mono Slashed for Powerline" "DROID-SANS-MONO-SLASHED-FOR-POWERLINE" "Droid Sans Mono Slashed for Powerline" "DROID SANS MONO FOR POWERLINE" "Droid Sans Mono for Powerline" "DROIDSANSMONOFORPOWERLINE" "Droid Sans Mono for Powerline" "DROID_SANS_MONO_FOR_POWERLINE" "Droid Sans Mono for Powerline" "DROID-SANS-MONO-FOR-POWERLINE" "Droid Sans Mono for Powerline" "EUPHEMIA UCAS" "Euphemia UCAS" "EUPHEMIAUCAS" "Euphemia UCAS" "EUPHEMIA_UCAS" "Euphemia UCAS" "EUPHEMIA-UCAS" "Euphemia UCAS" "FARAH" "Farah" "FARISI" "Farisi" "FIRA MONO FOR POWERLINE" "Fira Mono for Powerline" "FIRAMONOFORPOWERLINE" "Fira Mono for Powerline" "FIRA_MONO_FOR_POWERLINE" "Fira Mono for Powerline" "FIRA-MONO-FOR-POWERLINE" "Fira Mono for Powerline" "FUTURA" "Futura" "GB18030 BITMAP" "GB18030 Bitmap" "GB18030BITMAP" "GB18030 Bitmap" "GB18030_BITMAP" "GB18030 Bitmap" "GB18030-BITMAP" "GB18030 Bitmap" "GALVJI" "Galvji" "GEEZA PRO" "Geeza Pro" "GEEZAPRO" "Geeza Pro" "GEEZA_PRO" "Geeza Pro" "GEEZA-PRO" "Geeza Pro" "GENEVA" "Geneva" "GEORGIA" "Georgia" "GILL SANS" "Gill Sans" "GILLSANS" "Gill Sans" "GILL_SANS" "Gill Sans" "GILL-SANS" "Gill Sans" "GO MONO FOR POWERLINE" "Go Mono for Powerline" "GOMONOFORPOWERLINE" "Go Mono for Powerline" "GO_MONO_FOR_POWERLINE" "Go Mono for Powerline" "GO-MONO-FOR-POWERLINE" "Go Mono for Powerline" "GOTU" "Gotu" "GRAPHIK" "Graphik" "GUJARATI MT" "Gujarati MT" "GUJARATIMT" "Gujarati MT" "GUJARATI_MT" "Gujarati MT" "GUJARATI-MT" "Gujarati MT" "GUJARATI SANGAM MN" "Gujarati Sangam MN" "GUJARATISANGAMMN" "Gujarati Sangam MN" "GUJARATI_SANGAM_MN" "Gujarati Sangam MN" "GUJARATI-SANGAM-MN" "Gujarati Sangam MN" "GUNGSEO" "GungSeo" "GUNG SEO" "GungSeo" "GUNG_SEO" "GungSeo" "GUNG-SEO" "GungSeo" "GURMUKHI MN" "Gurmukhi MN" "GURMUKHIMN" "Gurmukhi MN" "GURMUKHI_MN" "Gurmukhi MN" "GURMUKHI-MN" "Gurmukhi MN" "GURMUKHI MT" "Gurmukhi MT" "GURMUKHIMT" "Gurmukhi MT" "GURMUKHI_MT" "Gurmukhi MT" "GURMUKHI-MT" "Gurmukhi MT" "GURMUKHI SANGAM MN" "Gurmukhi Sangam MN" "GURMUKHISANGAMMN" "Gurmukhi Sangam MN" "GURMUKHI_SANGAM_MN" "Gurmukhi Sangam MN" "GURMUKHI-SANGAM-MN" "Gurmukhi Sangam MN" "HACK" "Hack" "HANNOTATE SC" "Hannotate SC" "HANNOTATESC" "Hannotate SC" "HANNOTATE_SC" "Hannotate SC" "HANNOTATE-SC" "Hannotate SC" "HANNOTATE TC" "Hannotate TC" "HANNOTATETC" "Hannotate TC" "HANNOTATE_TC" "Hannotate TC" "HANNOTATE-TC" "Hannotate TC" "HANZIPEN SC" "HanziPen SC" "HANZIPENSC" "HanziPen SC" "HANZIPEN_SC" "HanziPen SC" "HANZIPEN-SC" "HanziPen SC" "HANZI PEN SC" "HanziPen SC" "HANZI_PEN_SC" "HanziPen SC" "HANZI-PEN-SC" "HanziPen SC" "HANZIPEN TC" "HanziPen TC" "HANZIPENTC" "HanziPen TC" "HANZIPEN_TC" "HanziPen TC" "HANZIPEN-TC" "HanziPen TC" "HANZI PEN TC" "HanziPen TC" "HANZI_PEN_TC" "HanziPen TC" "HANZI-PEN-TC" "HanziPen TC" "HEADLINEA" "HeadLineA" "HEAD LINE A" "HeadLineA" "HEAD_LINE_A" "HeadLineA" "HEAD-LINE-A" "HeadLineA" "HEI" "Hei" "HEITI SC" "Heiti SC" "HEITISC" "Heiti SC" "HEITI_SC" "Heiti SC" "HEITI-SC" "Heiti SC" "HEITI TC" "Heiti TC" "HEITITC" "Heiti TC" "HEITI_TC" "Heiti TC" "HEITI-TC" "Heiti TC" "HELVETICA" "Helvetica" "HELVETICA NEUE" "Helvetica Neue" "HELVETICANEUE" "Helvetica Neue" "HELVETICA_NEUE" "Helvetica Neue" "HELVETICA-NEUE" "Helvetica Neue" "HERCULANUM" "Herculanum" "HIRAGINO KAKU GOTHIC PRO" "Hiragino Kaku Gothic Pro" "HIRAGINOKAKUGOTHICPRO" "Hiragino Kaku Gothic Pro" "HIRAGINO_KAKU_GOTHIC_PRO" "Hiragino Kaku Gothic Pro" "HIRAGINO-KAKU-GOTHIC-PRO" "Hiragino Kaku Gothic Pro" "HIRAGINO KAKU GOTHIC PRON" "Hiragino Kaku Gothic ProN" "HIRAGINOKAKUGOTHICPRON" "Hiragino Kaku Gothic ProN" "HIRAGINO_KAKU_GOTHIC_PRON" "Hiragino Kaku Gothic ProN" "HIRAGINO-KAKU-GOTHIC-PRON" "Hiragino Kaku Gothic ProN" "HIRAGINO KAKU GOTHIC PRO N" "Hiragino Kaku Gothic ProN" "HIRAGINO_KAKU_GOTHIC_PRO_N" "Hiragino Kaku Gothic ProN" "HIRAGINO-KAKU-GOTHIC-PRO-N" "Hiragino Kaku Gothic ProN" "HIRAGINO KAKU GOTHIC STD" "Hiragino Kaku Gothic Std" "HIRAGINOKAKUGOTHICSTD" "Hiragino Kaku Gothic Std" "HIRAGINO_KAKU_GOTHIC_STD" "Hiragino Kaku Gothic Std" "HIRAGINO-KAKU-GOTHIC-STD" "Hiragino Kaku Gothic Std" "HIRAGINO KAKU GOTHIC STDN" "Hiragino Kaku Gothic StdN" "HIRAGINOKAKUGOTHICSTDN" "Hiragino Kaku Gothic StdN" "HIRAGINO_KAKU_GOTHIC_STDN" "Hiragino Kaku Gothic StdN" "HIRAGINO-KAKU-GOTHIC-STDN" "Hiragino Kaku Gothic StdN" "HIRAGINO KAKU GOTHIC STD N" "Hiragino Kaku Gothic StdN" "HIRAGINO_KAKU_GOTHIC_STD_N" "Hiragino Kaku Gothic StdN" "HIRAGINO-KAKU-GOTHIC-STD-N" "Hiragino Kaku Gothic StdN" "HIRAGINO MARU GOTHIC PRO" "Hiragino Maru Gothic Pro" "HIRAGINOMARUGOTHICPRO" "Hiragino Maru Gothic Pro" "HIRAGINO_MARU_GOTHIC_PRO" "Hiragino Maru Gothic Pro" "HIRAGINO-MARU-GOTHIC-PRO" "Hiragino Maru Gothic Pro" "HIRAGINO MARU GOTHIC PRON" "Hiragino Maru Gothic ProN" "HIRAGINOMARUGOTHICPRON" "Hiragino Maru Gothic ProN" "HIRAGINO_MARU_GOTHIC_PRON" "Hiragino Maru Gothic ProN" "HIRAGINO-MARU-GOTHIC-PRON" "Hiragino Maru Gothic ProN" "HIRAGINO MARU GOTHIC PRO N" "Hiragino Maru Gothic ProN" "HIRAGINO_MARU_GOTHIC_PRO_N" "Hiragino Maru Gothic ProN" "HIRAGINO-MARU-GOTHIC-PRO-N" "Hiragino Maru Gothic ProN" "HIRAGINO MINCHO PRO" "Hiragino Mincho Pro" "HIRAGINOMINCHOPRO" "Hiragino Mincho Pro" "HIRAGINO_MINCHO_PRO" "Hiragino Mincho Pro" "HIRAGINO-MINCHO-PRO" "Hiragino Mincho Pro" "HIRAGINO MINCHO PRON" "Hiragino Mincho ProN" "HIRAGINOMINCHOPRON" "Hiragino Mincho ProN" "HIRAGINO_MINCHO_PRON" "Hiragino Mincho ProN" "HIRAGINO-MINCHO-PRON" "Hiragino Mincho ProN" "HIRAGINO MINCHO PRO N" "Hiragino Mincho ProN" "HIRAGINO_MINCHO_PRO_N" "Hiragino Mincho ProN" "HIRAGINO-MINCHO-PRO-N" "Hiragino Mincho ProN" "HIRAGINO SANS" "Hiragino Sans" "HIRAGINOSANS" "Hiragino Sans" "HIRAGINO_SANS" "Hiragino Sans" "HIRAGINO-SANS" "Hiragino Sans" "HIRAGINO SANS CNS" "Hiragino Sans CNS" "HIRAGINOSANSCNS" "Hiragino Sans CNS" "HIRAGINO_SANS_CNS" "Hiragino Sans CNS" "HIRAGINO-SANS-CNS" "Hiragino Sans CNS" "HIRAGINO SANS GB" "Hiragino Sans GB" "HIRAGINOSANSGB" "Hiragino Sans GB" "HIRAGINO_SANS_GB" "Hiragino Sans GB" "HIRAGINO-SANS-GB" "Hiragino Sans GB" "HOEFLER TEXT" "Hoefler Text" "HOEFLERTEXT" "Hoefler Text" "HOEFLER_TEXT" "Hoefler Text" "HOEFLER-TEXT" "Hoefler Text" "IBM 3270" "IBM 3270" "IBM3270" "IBM 3270" "IBM_3270" "IBM 3270" "IBM-3270" "IBM 3270" "IBM 3270 NARROW" "IBM 3270 Narrow" "IBM3270NARROW" "IBM 3270 Narrow" "IBM_3270_NARROW" "IBM 3270 Narrow" "IBM-3270-NARROW" "IBM 3270 Narrow" "IBM 3270 SEMI-NARROW" "IBM 3270 Semi-Narrow" "IBM3270SEMI-NARROW" "IBM 3270 Semi-Narrow" "IBM_3270_SEMI-NARROW" "IBM 3270 Semi-Narrow" "IBM-3270-SEMI-NARROW" "IBM 3270 Semi-Narrow" "ITF DEVANAGARI" "ITF Devanagari" "ITFDEVANAGARI" "ITF Devanagari" "ITF_DEVANAGARI" "ITF Devanagari" "ITF-DEVANAGARI" "ITF Devanagari" "ITF DEVANAGARI MARATHI" "ITF Devanagari Marathi" "ITFDEVANAGARIMARATHI" "ITF Devanagari Marathi" "ITF_DEVANAGARI_MARATHI" "ITF Devanagari Marathi" "ITF-DEVANAGARI-MARATHI" "ITF Devanagari Marathi" "IMPACT" "Impact" "INAIMATHI" "InaiMathi" "INAI MATHI" "InaiMathi" "INAI_MATHI" "InaiMathi" "INAI-MATHI" "InaiMathi" "INCONSOLATA FOR POWERLINE" "Inconsolata for Powerline" "INCONSOLATAFORPOWERLINE" "Inconsolata for Powerline" "INCONSOLATA_FOR_POWERLINE" "Inconsolata for Powerline" "INCONSOLATA-FOR-POWERLINE" "Inconsolata for Powerline" "INCONSOLATA-DZ FOR POWERLINE" "Inconsolata-dz for Powerline" "INCONSOLATA-DZFORPOWERLINE" "Inconsolata-dz for Powerline" "INCONSOLATA-DZ_FOR_POWERLINE" "Inconsolata-dz for Powerline" "INCONSOLATA-DZ-FOR-POWERLINE" "Inconsolata-dz for Powerline" "INCONSOLATA-G FOR POWERLINE" "Inconsolata-g for Powerline" "INCONSOLATA-GFORPOWERLINE" "Inconsolata-g for Powerline" "INCONSOLATA-G_FOR_POWERLINE" "Inconsolata-g for Powerline" "INCONSOLATA-G-FOR-POWERLINE" "Inconsolata-g for Powerline" "IOWAN OLD STYLE" "Iowan Old Style" "IOWANOLDSTYLE" "Iowan Old Style" "IOWAN_OLD_STYLE" "Iowan Old Style" "IOWAN-OLD-STYLE" "Iowan Old Style" "JAINI" "Jaini" "JAINI PURVA" "Jaini Purva" "JAINIPURVA" "Jaini Purva" "JAINI_PURVA" "Jaini Purva" "JAINI-PURVA" "Jaini Purva" "KAI" "Kai" "KAILASA" "Kailasa" "KAITI SC" "Kaiti SC" "KAITISC" "Kaiti SC" "KAITI_SC" "Kaiti SC" "KAITI-SC" "Kaiti SC" "KAITI TC" "Kaiti TC" "KAITITC" "Kaiti TC" "KAITI_TC" "Kaiti TC" "KAITI-TC" "Kaiti TC" "KANNADA MN" "Kannada MN" "KANNADAMN" "Kannada MN" "KANNADA_MN" "Kannada MN" "KANNADA-MN" "Kannada MN" "KANNADA SANGAM MN" "Kannada Sangam MN" "KANNADASANGAMMN" "Kannada Sangam MN" "KANNADA_SANGAM_MN" "Kannada Sangam MN" "KANNADA-SANGAM-MN" "Kannada Sangam MN" "KEFA" "Kefa" "KHMER MN" "Khmer MN" "KHMERMN" "Khmer MN" "KHMER_MN" "Khmer MN" "KHMER-MN" "Khmer MN" "KHMER SANGAM MN" "Khmer Sangam MN" "KHMERSANGAMMN" "Khmer Sangam MN" "KHMER_SANGAM_MN" "Khmer Sangam MN" "KHMER-SANGAM-MN" "Khmer Sangam MN" "KLEE" "Klee" "KOHINOOR BANGLA" "Kohinoor Bangla" "KOHINOORBANGLA" "Kohinoor Bangla" "KOHINOOR_BANGLA" "Kohinoor Bangla" "KOHINOOR-BANGLA" "Kohinoor Bangla" "KOHINOOR DEVANAGARI" "Kohinoor Devanagari" "KOHINOORDEVANAGARI" "Kohinoor Devanagari" "KOHINOOR_DEVANAGARI" "Kohinoor Devanagari" "KOHINOOR-DEVANAGARI" "Kohinoor Devanagari" "KOHINOOR GUJARATI" "Kohinoor Gujarati" "KOHINOORGUJARATI" "Kohinoor Gujarati" "KOHINOOR_GUJARATI" "Kohinoor Gujarati" "KOHINOOR-GUJARATI" "Kohinoor Gujarati" "KOHINOOR TELUGU" "Kohinoor Telugu" "KOHINOORTELUGU" "Kohinoor Telugu" "KOHINOOR_TELUGU" "Kohinoor Telugu" "KOHINOOR-TELUGU" "Kohinoor Telugu" "KOKONOR" "Kokonor" "KRUNGTHEP" "Krungthep" "KUFISTANDARDGK" "KufiStandardGK" "KUFI STANDARD GK" "KufiStandardGK" "KUFI_STANDARD_GK" "KufiStandardGK" "KUFI-STANDARD-GK" "KufiStandardGK" "LAHORE GURMUKHI" "Lahore Gurmukhi" "LAHOREGURMUKHI" "Lahore Gurmukhi" "LAHORE_GURMUKHI" "Lahore Gurmukhi" "LAHORE-GURMUKHI" "Lahore Gurmukhi" "LANTINGHEI SC" "Lantinghei SC" "LANTINGHEISC" "Lantinghei SC" "LANTINGHEI_SC" "Lantinghei SC" "LANTINGHEI-SC" "Lantinghei SC" "LANTINGHEI TC" "Lantinghei TC" "LANTINGHEITC" "Lantinghei TC" "LANTINGHEI_TC" "Lantinghei TC" "LANTINGHEI-TC" "Lantinghei TC" "LAO MN" "Lao MN" "LAOMN" "Lao MN" "LAO_MN" "Lao MN" "LAO-MN" "Lao MN" "LAO SANGAM MN" "Lao Sangam MN" "LAOSANGAMMN" "Lao Sangam MN" "LAO_SANGAM_MN" "Lao Sangam MN" "LAO-SANGAM-MN" "Lao Sangam MN" "LIHEI PRO" "LiHei Pro" "LIHEIPRO" "LiHei Pro" "LIHEI_PRO" "LiHei Pro" "LIHEI-PRO" "LiHei Pro" "LI HEI PRO" "LiHei Pro" "LI_HEI_PRO" "LiHei Pro" "LI-HEI-PRO" "LiHei Pro" "LISONG PRO" "LiSong Pro" "LISONGPRO" "LiSong Pro" "LISONG_PRO" "LiSong Pro" "LISONG-PRO" "LiSong Pro" "LI SONG PRO" "LiSong Pro" "LI_SONG_PRO" "LiSong Pro" "LI-SONG-PRO" "LiSong Pro" "LIBERATION MONO FOR POWERLINE" "Liberation Mono for Powerline" "LIBERATIONMONOFORPOWERLINE" "Liberation Mono for Powerline" "LIBERATION_MONO_FOR_POWERLINE" "Liberation Mono for Powerline" "LIBERATION-MONO-FOR-POWERLINE" "Liberation Mono for Powerline" "LIBIAN SC" "Libian SC" "LIBIANSC" "Libian SC" "LIBIAN_SC" "Libian SC" "LIBIAN-SC" "Libian SC" "LIBIAN TC" "Libian TC" "LIBIANTC" "Libian TC" "LIBIAN_TC" "Libian TC" "LIBIAN-TC" "Libian TC" "LINGWAI SC" "LingWai SC" "LINGWAISC" "LingWai SC" "LINGWAI_SC" "LingWai SC" "LINGWAI-SC" "LingWai SC" "LING WAI SC" "LingWai SC" "LING_WAI_SC" "LingWai SC" "LING-WAI-SC" "LingWai SC" "LINGWAI TC" "LingWai TC" "LINGWAITC" "LingWai TC" "LINGWAI_TC" "LingWai TC" "LINGWAI-TC" "LingWai TC" "LING WAI TC" "LingWai TC" "LING_WAI_TC" "LingWai TC" "LING-WAI-TC" "LingWai TC" "LUCIDA GRANDE" "Lucida Grande" "LUCIDAGRANDE" "Lucida Grande" "LUCIDA_GRANDE" "Lucida Grande" "LUCIDA-GRANDE" "Lucida Grande" "LUMINARI" "Luminari" "MAKU" "Maku" "MALAYALAM MN" "Malayalam MN" "MALAYALAMMN" "Malayalam MN" "MALAYALAM_MN" "Malayalam MN" "MALAYALAM-MN" "Malayalam MN" "MALAYALAM SANGAM MN" "Malayalam Sangam MN" "MALAYALAMSANGAMMN" "Malayalam Sangam MN" "MALAYALAM_SANGAM_MN" "Malayalam Sangam MN" "MALAYALAM-SANGAM-MN" "Malayalam Sangam MN" "MARION" "Marion" "MARKER FELT" "Marker Felt" "MARKERFELT" "Marker Felt" "MARKER_FELT" "Marker Felt" "MARKER-FELT" "Marker Felt" "MENLO" "Menlo" "MESLO LG L DZ FOR POWERLINE" "Meslo LG L DZ for Powerline" "MESLOLGLDZFORPOWERLINE" "Meslo LG L DZ for Powerline" "MESLO_LG_L_DZ_FOR_POWERLINE" "Meslo LG L DZ for Powerline" "MESLO-LG-L-DZ-FOR-POWERLINE" "Meslo LG L DZ for Powerline" "MESLO LG L FOR POWERLINE" "Meslo LG L for Powerline" "MESLOLGLFORPOWERLINE" "Meslo LG L for Powerline" "MESLO_LG_L_FOR_POWERLINE" "Meslo LG L for Powerline" "MESLO-LG-L-FOR-POWERLINE" "Meslo LG L for Powerline" "MESLO LG M DZ FOR POWERLINE" "Meslo LG M DZ for Powerline" "MESLOLGMDZFORPOWERLINE" "Meslo LG M DZ for Powerline" "MESLO_LG_M_DZ_FOR_POWERLINE" "Meslo LG M DZ for Powerline" "MESLO-LG-M-DZ-FOR-POWERLINE" "Meslo LG M DZ for Powerline" "MESLO LG M FOR POWERLINE" "Meslo LG M for Powerline" "MESLOLGMFORPOWERLINE" "Meslo LG M for Powerline" "MESLO_LG_M_FOR_POWERLINE" "Meslo LG M for Powerline" "MESLO-LG-M-FOR-POWERLINE" "Meslo LG M for Powerline" "MESLO LG S DZ FOR POWERLINE" "Meslo LG S DZ for Powerline" "MESLOLGSDZFORPOWERLINE" "Meslo LG S DZ for Powerline" "MESLO_LG_S_DZ_FOR_POWERLINE" "Meslo LG S DZ for Powerline" "MESLO-LG-S-DZ-FOR-POWERLINE" "Meslo LG S DZ for Powerline" "MESLO LG S FOR POWERLINE" "Meslo LG S for Powerline" "MESLOLGSFORPOWERLINE" "Meslo LG S for Powerline" "MESLO_LG_S_FOR_POWERLINE" "Meslo LG S for Powerline" "MESLO-LG-S-FOR-POWERLINE" "Meslo LG S for Powerline" "MESLOLGS NF" "MesloLGS NF" "MESLOLGSNF" "MesloLGS NF" "MESLOLGS_NF" "MesloLGS NF" "MESLOLGS-NF" "MesloLGS NF" "MESLO LGS NF" "MesloLGS NF" "MESLO_LGS_NF" "MesloLGS NF" "MESLO-LGS-NF" "MesloLGS NF" "MICROSOFT SANS SERIF" "Microsoft Sans Serif" "MICROSOFTSANSSERIF" "Microsoft Sans Serif" "MICROSOFT_SANS_SERIF" "Microsoft Sans Serif" "MICROSOFT-SANS-SERIF" "Microsoft Sans Serif" "MISHAFI" "Mishafi" "MISHAFI GOLD" "Mishafi Gold" "MISHAFIGOLD" "Mishafi Gold" "MISHAFI_GOLD" "Mishafi Gold" "MISHAFI-GOLD" "Mishafi Gold" "MODAK" "Modak" "MONACO" "Monaco" "MSHTAKAN" "Mshtakan" "MUKTA" "Mukta" "MUKTA MAHEE" "Mukta Mahee" "MUKTAMAHEE" "Mukta Mahee" "MUKTA_MAHEE" "Mukta Mahee" "MUKTA-MAHEE" "Mukta Mahee" "MUKTA MALAR" "Mukta Malar" "MUKTAMALAR" "Mukta Malar" "MUKTA_MALAR" "Mukta Malar" "MUKTA-MALAR" "Mukta Malar" "MUKTA VAANI" "Mukta Vaani" "MUKTAVAANI" "Mukta Vaani" "MUKTA_VAANI" "Mukta Vaani" "MUKTA-VAANI" "Mukta Vaani" "MUNA" "Muna" "MYANMAR MN" "Myanmar MN" "MYANMARMN" "Myanmar MN" "MYANMAR_MN" "Myanmar MN" "MYANMAR-MN" "Myanmar MN" "MYANMAR SANGAM MN" "Myanmar Sangam MN" "MYANMARSANGAMMN" "Myanmar Sangam MN" "MYANMAR_SANGAM_MN" "Myanmar Sangam MN" "MYANMAR-SANGAM-MN" "Myanmar Sangam MN" "NADEEM" "Nadeem" "NANUM BRUSH SCRIPT" "Nanum Brush Script" "NANUMBRUSHSCRIPT" "Nanum Brush Script" "NANUM_BRUSH_SCRIPT" "Nanum Brush Script" "NANUM-BRUSH-SCRIPT" "Nanum Brush Script" "NANUM GOTHIC" "Nanum Gothic" "NANUMGOTHIC" "Nanum Gothic" "NANUM_GOTHIC" "Nanum Gothic" "NANUM-GOTHIC" "Nanum Gothic" "NANUM MYEONGJO" "Nanum Myeongjo" "NANUMMYEONGJO" "Nanum Myeongjo" "NANUM_MYEONGJO" "Nanum Myeongjo" "NANUM-MYEONGJO" "Nanum Myeongjo" "NANUM PEN SCRIPT" "Nanum Pen Script" "NANUMPENSCRIPT" "Nanum Pen Script" "NANUM_PEN_SCRIPT" "Nanum Pen Script" "NANUM-PEN-SCRIPT" "Nanum Pen Script" "NEW PENINIM MT" "New Peninim MT" "NEWPENINIMMT" "New Peninim MT" "NEW_PENINIM_MT" "New Peninim MT" "NEW-PENINIM-MT" "New Peninim MT" "NOTEWORTHY" "Noteworthy" "NOTO MONO FOR POWERLINE" "Noto Mono for Powerline" "NOTOMONOFORPOWERLINE" "Noto Mono for Powerline" "NOTO_MONO_FOR_POWERLINE" "Noto Mono for Powerline" "NOTO-MONO-FOR-POWERLINE" "Noto Mono for Powerline" "NOTO NASTALIQ URDU" "Noto Nastaliq Urdu" "NOTONASTALIQURDU" "Noto Nastaliq Urdu" "NOTO_NASTALIQ_URDU" "Noto Nastaliq Urdu" "NOTO-NASTALIQ-URDU" "Noto Nastaliq Urdu" "NOTO SANS" "Noto Sans" "NOTOSANS" "Noto Sans" "NOTO_SANS" "Noto Sans" "NOTO-SANS" "Noto Sans" "NOTO SANS ARMENIAN" "Noto Sans Armenian" "NOTOSANSARMENIAN" "Noto Sans Armenian" "NOTO_SANS_ARMENIAN" "Noto Sans Armenian" "NOTO-SANS-ARMENIAN" "Noto Sans Armenian" "NOTO SANS AVESTAN" "Noto Sans Avestan" "NOTOSANSAVESTAN" "Noto Sans Avestan" "NOTO_SANS_AVESTAN" "Noto Sans Avestan" "NOTO-SANS-AVESTAN" "Noto Sans Avestan" "NOTO SANS BAMUM" "Noto Sans Bamum" "NOTOSANSBAMUM" "Noto Sans Bamum" "NOTO_SANS_BAMUM" "Noto Sans Bamum" "NOTO-SANS-BAMUM" "Noto Sans Bamum" "NOTO SANS BATAK" "Noto Sans Batak" "NOTOSANSBATAK" "Noto Sans Batak" "NOTO_SANS_BATAK" "Noto Sans Batak" "NOTO-SANS-BATAK" "Noto Sans Batak" "NOTO SANS BRAHMI" "Noto Sans Brahmi" "NOTOSANSBRAHMI" "Noto Sans Brahmi" "NOTO_SANS_BRAHMI" "Noto Sans Brahmi" "NOTO-SANS-BRAHMI" "Noto Sans Brahmi" "NOTO SANS BUGINESE" "Noto Sans Buginese" "NOTOSANSBUGINESE" "Noto Sans Buginese" "NOTO_SANS_BUGINESE" "Noto Sans Buginese" "NOTO-SANS-BUGINESE" "Noto Sans Buginese" "NOTO SANS BUHID" "Noto Sans Buhid" "NOTOSANSBUHID" "Noto Sans Buhid" "NOTO_SANS_BUHID" "Noto Sans Buhid" "NOTO-SANS-BUHID" "Noto Sans Buhid" "NOTO SANS CARIAN" "Noto Sans Carian" "NOTOSANSCARIAN" "Noto Sans Carian" "NOTO_SANS_CARIAN" "Noto Sans Carian" "NOTO-SANS-CARIAN" "Noto Sans Carian" "NOTO SANS CHAKMA" "Noto Sans Chakma" "NOTOSANSCHAKMA" "Noto Sans Chakma" "NOTO_SANS_CHAKMA" "Noto Sans Chakma" "NOTO-SANS-CHAKMA" "Noto Sans Chakma" "NOTO SANS CHAM" "Noto Sans Cham" "NOTOSANSCHAM" "Noto Sans Cham" "NOTO_SANS_CHAM" "Noto Sans Cham" "NOTO-SANS-CHAM" "Noto Sans Cham" "NOTO SANS COPTIC" "Noto Sans Coptic" "NOTOSANSCOPTIC" "Noto Sans Coptic" "NOTO_SANS_COPTIC" "Noto Sans Coptic" "NOTO-SANS-COPTIC" "Noto Sans Coptic" "NOTO SANS CUNEIFORM" "Noto Sans Cuneiform" "NOTOSANSCUNEIFORM" "Noto Sans Cuneiform" "NOTO_SANS_CUNEIFORM" "Noto Sans Cuneiform" "NOTO-SANS-CUNEIFORM" "Noto Sans Cuneiform" "NOTO SANS CYPRIOT" "Noto Sans Cypriot" "NOTOSANSCYPRIOT" "Noto Sans Cypriot" "NOTO_SANS_CYPRIOT" "Noto Sans Cypriot" "NOTO-SANS-CYPRIOT" "Noto Sans Cypriot" "NOTO SANS EGYPTIAN HIEROGLYPHS" "Noto Sans Egyptian Hieroglyphs" "NOTOSANSEGYPTIANHIEROGLYPHS" "Noto Sans Egyptian Hieroglyphs" "NOTO_SANS_EGYPTIAN_HIEROGLYPHS" "Noto Sans Egyptian Hieroglyphs" "NOTO-SANS-EGYPTIAN-HIEROGLYPHS" "Noto Sans Egyptian Hieroglyphs" "NOTO SANS GLAGOLITIC" "Noto Sans Glagolitic" "NOTOSANSGLAGOLITIC" "Noto Sans Glagolitic" "NOTO_SANS_GLAGOLITIC" "Noto Sans Glagolitic" "NOTO-SANS-GLAGOLITIC" "Noto Sans Glagolitic" "NOTO SANS GOTHIC" "Noto Sans Gothic" "NOTOSANSGOTHIC" "Noto Sans Gothic" "NOTO_SANS_GOTHIC" "Noto Sans Gothic" "NOTO-SANS-GOTHIC" "Noto Sans Gothic" "NOTO SANS HANUNOO" "Noto Sans Hanunoo" "NOTOSANSHANUNOO" "Noto Sans Hanunoo" "NOTO_SANS_HANUNOO" "Noto Sans Hanunoo" "NOTO-SANS-HANUNOO" "Noto Sans Hanunoo" "NOTO SANS IMPERIAL ARAMAIC" "Noto Sans Imperial Aramaic" "NOTOSANSIMPERIALARAMAIC" "Noto Sans Imperial Aramaic" "NOTO_SANS_IMPERIAL_ARAMAIC" "Noto Sans Imperial Aramaic" "NOTO-SANS-IMPERIAL-ARAMAIC" "Noto Sans Imperial Aramaic" "NOTO SANS INSCRIPTIONAL PAHLAVI" "Noto Sans Inscriptional Pahlavi" "NOTOSANSINSCRIPTIONALPAHLAVI" "Noto Sans Inscriptional Pahlavi" "NOTO_SANS_INSCRIPTIONAL_PAHLAVI" "Noto Sans Inscriptional Pahlavi" "NOTO-SANS-INSCRIPTIONAL-PAHLAVI" "Noto Sans Inscriptional Pahlavi" "NOTO SANS INSCRIPTIONAL PARTHIAN" "Noto Sans Inscriptional Parthian" "NOTOSANSINSCRIPTIONALPARTHIAN" "Noto Sans Inscriptional Parthian" "NOTO_SANS_INSCRIPTIONAL_PARTHIAN" "Noto Sans Inscriptional Parthian" "NOTO-SANS-INSCRIPTIONAL-PARTHIAN" "Noto Sans Inscriptional Parthian" "NOTO SANS JAVANESE" "Noto Sans Javanese" "NOTOSANSJAVANESE" "Noto Sans Javanese" "NOTO_SANS_JAVANESE" "Noto Sans Javanese" "NOTO-SANS-JAVANESE" "Noto Sans Javanese" "NOTO SANS KAITHI" "Noto Sans Kaithi" "NOTOSANSKAITHI" "Noto Sans Kaithi" "NOTO_SANS_KAITHI" "Noto Sans Kaithi" "NOTO-SANS-KAITHI" "Noto Sans Kaithi" "NOTO SANS KANNADA" "Noto Sans Kannada" "NOTOSANSKANNADA" "Noto Sans Kannada" "NOTO_SANS_KANNADA" "Noto Sans Kannada" "NOTO-SANS-KANNADA" "Noto Sans Kannada" "NOTO SANS KAYAH LI" "Noto Sans Kayah Li" "NOTOSANSKAYAHLI" "Noto Sans Kayah Li" "NOTO_SANS_KAYAH_LI" "Noto Sans Kayah Li" "NOTO-SANS-KAYAH-LI" "Noto Sans Kayah Li" "NOTO SANS KHAROSHTHI" "Noto Sans Kharoshthi" "NOTOSANSKHAROSHTHI" "Noto Sans Kharoshthi" "NOTO_SANS_KHAROSHTHI" "Noto Sans Kharoshthi" "NOTO-SANS-KHAROSHTHI" "Noto Sans Kharoshthi" "NOTO SANS LEPCHA" "Noto Sans Lepcha" "NOTOSANSLEPCHA" "Noto Sans Lepcha" "NOTO_SANS_LEPCHA" "Noto Sans Lepcha" "NOTO-SANS-LEPCHA" "Noto Sans Lepcha" "NOTO SANS LIMBU" "Noto Sans Limbu" "NOTOSANSLIMBU" "Noto Sans Limbu" "NOTO_SANS_LIMBU" "Noto Sans Limbu" "NOTO-SANS-LIMBU" "Noto Sans Limbu" "NOTO SANS LINEAR B" "Noto Sans Linear B" "NOTOSANSLINEARB" "Noto Sans Linear B" "NOTO_SANS_LINEAR_B" "Noto Sans Linear B" "NOTO-SANS-LINEAR-B" "Noto Sans Linear B" "NOTO SANS LISU" "Noto Sans Lisu" "NOTOSANSLISU" "Noto Sans Lisu" "NOTO_SANS_LISU" "Noto Sans Lisu" "NOTO-SANS-LISU" "Noto Sans Lisu" "NOTO SANS LYCIAN" "Noto Sans Lycian" "NOTOSANSLYCIAN" "Noto Sans Lycian" "NOTO_SANS_LYCIAN" "Noto Sans Lycian" "NOTO-SANS-LYCIAN" "Noto Sans Lycian" "NOTO SANS LYDIAN" "Noto Sans Lydian" "NOTOSANSLYDIAN" "Noto Sans Lydian" "NOTO_SANS_LYDIAN" "Noto Sans Lydian" "NOTO-SANS-LYDIAN" "Noto Sans Lydian" "NOTO SANS MANDAIC" "Noto Sans Mandaic" "NOTOSANSMANDAIC" "Noto Sans Mandaic" "NOTO_SANS_MANDAIC" "Noto Sans Mandaic" "NOTO-SANS-MANDAIC" "Noto Sans Mandaic" "NOTO SANS MEETEI MAYEK" "Noto Sans Meetei Mayek" "NOTOSANSMEETEIMAYEK" "Noto Sans Meetei Mayek" "NOTO_SANS_MEETEI_MAYEK" "Noto Sans Meetei Mayek" "NOTO-SANS-MEETEI-MAYEK" "Noto Sans Meetei Mayek" "NOTO SANS MONGOLIAN" "Noto Sans Mongolian" "NOTOSANSMONGOLIAN" "Noto Sans Mongolian" "NOTO_SANS_MONGOLIAN" "Noto Sans Mongolian" "NOTO-SANS-MONGOLIAN" "Noto Sans Mongolian" "NOTO SANS MYANMAR" "Noto Sans Myanmar" "NOTOSANSMYANMAR" "Noto Sans Myanmar" "NOTO_SANS_MYANMAR" "Noto Sans Myanmar" "NOTO-SANS-MYANMAR" "Noto Sans Myanmar" "NOTO SANS NKO" "Noto Sans NKo" "NOTOSANSNKO" "Noto Sans NKo" "NOTO_SANS_NKO" "Noto Sans NKo" "NOTO-SANS-NKO" "Noto Sans NKo" "NOTO SANS NEW TAI LUE" "Noto Sans New Tai Lue" "NOTOSANSNEWTAILUE" "Noto Sans New Tai Lue" "NOTO_SANS_NEW_TAI_LUE" "Noto Sans New Tai Lue" "NOTO-SANS-NEW-TAI-LUE" "Noto Sans New Tai Lue" "NOTO SANS OGHAM" "Noto Sans Ogham" "NOTOSANSOGHAM" "Noto Sans Ogham" "NOTO_SANS_OGHAM" "Noto Sans Ogham" "NOTO-SANS-OGHAM" "Noto Sans Ogham" "NOTO SANS OL CHIKI" "Noto Sans Ol Chiki" "NOTOSANSOLCHIKI" "Noto Sans Ol Chiki" "NOTO_SANS_OL_CHIKI" "Noto Sans Ol Chiki" "NOTO-SANS-OL-CHIKI" "Noto Sans Ol Chiki" "NOTO SANS OLD ITALIC" "Noto Sans Old Italic" "NOTOSANSOLDITALIC" "Noto Sans Old Italic" "NOTO_SANS_OLD_ITALIC" "Noto Sans Old Italic" "NOTO-SANS-OLD-ITALIC" "Noto Sans Old Italic" "NOTO SANS OLD PERSIAN" "Noto Sans Old Persian" "NOTOSANSOLDPERSIAN" "Noto Sans Old Persian" "NOTO_SANS_OLD_PERSIAN" "Noto Sans Old Persian" "NOTO-SANS-OLD-PERSIAN" "Noto Sans Old Persian" "NOTO SANS OLD SOUTH ARABIAN" "Noto Sans Old South Arabian" "NOTOSANSOLDSOUTHARABIAN" "Noto Sans Old South Arabian" "NOTO_SANS_OLD_SOUTH_ARABIAN" "Noto Sans Old South Arabian" "NOTO-SANS-OLD-SOUTH-ARABIAN" "Noto Sans Old South Arabian" "NOTO SANS OLD TURKIC" "Noto Sans Old Turkic" "NOTOSANSOLDTURKIC" "Noto Sans Old Turkic" "NOTO_SANS_OLD_TURKIC" "Noto Sans Old Turkic" "NOTO-SANS-OLD-TURKIC" "Noto Sans Old Turkic" "NOTO SANS ORIYA" "Noto Sans Oriya" "NOTOSANSORIYA" "Noto Sans Oriya" "NOTO_SANS_ORIYA" "Noto Sans Oriya" "NOTO-SANS-ORIYA" "Noto Sans Oriya" "NOTO SANS OSMANYA" "Noto Sans Osmanya" "NOTOSANSOSMANYA" "Noto Sans Osmanya" "NOTO_SANS_OSMANYA" "Noto Sans Osmanya" "NOTO-SANS-OSMANYA" "Noto Sans Osmanya" "NOTO SANS PHAGSPA" "Noto Sans PhagsPa" "NOTOSANSPHAGSPA" "Noto Sans PhagsPa" "NOTO_SANS_PHAGSPA" "Noto Sans PhagsPa" "NOTO-SANS-PHAGSPA" "Noto Sans PhagsPa" "NOTO SANS PHAGS PA" "Noto Sans PhagsPa" "NOTO_SANS_PHAGS_PA" "Noto Sans PhagsPa" "NOTO-SANS-PHAGS-PA" "Noto Sans PhagsPa" "NOTO SANS PHOENICIAN" "Noto Sans Phoenician" "NOTOSANSPHOENICIAN" "Noto Sans Phoenician" "NOTO_SANS_PHOENICIAN" "Noto Sans Phoenician" "NOTO-SANS-PHOENICIAN" "Noto Sans Phoenician" "NOTO SANS REJANG" "Noto Sans Rejang" "NOTOSANSREJANG" "Noto Sans Rejang" "NOTO_SANS_REJANG" "Noto Sans Rejang" "NOTO-SANS-REJANG" "Noto Sans Rejang" "NOTO SANS RUNIC" "Noto Sans Runic" "NOTOSANSRUNIC" "Noto Sans Runic" "NOTO_SANS_RUNIC" "Noto Sans Runic" "NOTO-SANS-RUNIC" "Noto Sans Runic" "NOTO SANS SAMARITAN" "Noto Sans Samaritan" "NOTOSANSSAMARITAN" "Noto Sans Samaritan" "NOTO_SANS_SAMARITAN" "Noto Sans Samaritan" "NOTO-SANS-SAMARITAN" "Noto Sans Samaritan" "NOTO SANS SAURASHTRA" "Noto Sans Saurashtra" "NOTOSANSSAURASHTRA" "Noto Sans Saurashtra" "NOTO_SANS_SAURASHTRA" "Noto Sans Saurashtra" "NOTO-SANS-SAURASHTRA" "Noto Sans Saurashtra" "NOTO SANS SHAVIAN" "Noto Sans Shavian" "NOTOSANSSHAVIAN" "Noto Sans Shavian" "NOTO_SANS_SHAVIAN" "Noto Sans Shavian" "NOTO-SANS-SHAVIAN" "Noto Sans Shavian" "NOTO SANS SUNDANESE" "Noto Sans Sundanese" "NOTOSANSSUNDANESE" "Noto Sans Sundanese" "NOTO_SANS_SUNDANESE" "Noto Sans Sundanese" "NOTO-SANS-SUNDANESE" "Noto Sans Sundanese" "NOTO SANS SYLOTI NAGRI" "Noto Sans Syloti Nagri" "NOTOSANSSYLOTINAGRI" "Noto Sans Syloti Nagri" "NOTO_SANS_SYLOTI_NAGRI" "Noto Sans Syloti Nagri" "NOTO-SANS-SYLOTI-NAGRI" "Noto Sans Syloti Nagri" "NOTO SANS SYMBOLS" "Noto Sans Symbols" "NOTOSANSSYMBOLS" "Noto Sans Symbols" "NOTO_SANS_SYMBOLS" "Noto Sans Symbols" "NOTO-SANS-SYMBOLS" "Noto Sans Symbols" "NOTO SANS SYRIAC" "Noto Sans Syriac" "NOTOSANSSYRIAC" "Noto Sans Syriac" "NOTO_SANS_SYRIAC" "Noto Sans Syriac" "NOTO-SANS-SYRIAC" "Noto Sans Syriac" "NOTO SANS TAGALOG" "Noto Sans Tagalog" "NOTOSANSTAGALOG" "Noto Sans Tagalog" "NOTO_SANS_TAGALOG" "Noto Sans Tagalog" "NOTO-SANS-TAGALOG" "Noto Sans Tagalog" "NOTO SANS TAGBANWA" "Noto Sans Tagbanwa" "NOTOSANSTAGBANWA" "Noto Sans Tagbanwa" "NOTO_SANS_TAGBANWA" "Noto Sans Tagbanwa" "NOTO-SANS-TAGBANWA" "Noto Sans Tagbanwa" "NOTO SANS TAI LE" "Noto Sans Tai Le" "NOTOSANSTAILE" "Noto Sans Tai Le" "NOTO_SANS_TAI_LE" "Noto Sans Tai Le" "NOTO-SANS-TAI-LE" "Noto Sans Tai Le" "NOTO SANS TAI THAM" "Noto Sans Tai Tham" "NOTOSANSTAITHAM" "Noto Sans Tai Tham" "NOTO_SANS_TAI_THAM" "Noto Sans Tai Tham" "NOTO-SANS-TAI-THAM" "Noto Sans Tai Tham" "NOTO SANS TAI VIET" "Noto Sans Tai Viet" "NOTOSANSTAIVIET" "Noto Sans Tai Viet" "NOTO_SANS_TAI_VIET" "Noto Sans Tai Viet" "NOTO-SANS-TAI-VIET" "Noto Sans Tai Viet" "NOTO SANS THAANA" "Noto Sans Thaana" "NOTOSANSTHAANA" "Noto Sans Thaana" "NOTO_SANS_THAANA" "Noto Sans Thaana" "NOTO-SANS-THAANA" "Noto Sans Thaana" "NOTO SANS TIFINAGH" "Noto Sans Tifinagh" "NOTOSANSTIFINAGH" "Noto Sans Tifinagh" "NOTO_SANS_TIFINAGH" "Noto Sans Tifinagh" "NOTO-SANS-TIFINAGH" "Noto Sans Tifinagh" "NOTO SANS UGARITIC" "Noto Sans Ugaritic" "NOTOSANSUGARITIC" "Noto Sans Ugaritic" "NOTO_SANS_UGARITIC" "Noto Sans Ugaritic" "NOTO-SANS-UGARITIC" "Noto Sans Ugaritic" "NOTO SANS VAI" "Noto Sans Vai" "NOTOSANSVAI" "Noto Sans Vai" "NOTO_SANS_VAI" "Noto Sans Vai" "NOTO-SANS-VAI" "Noto Sans Vai" "NOTO SANS YI" "Noto Sans Yi" "NOTOSANSYI" "Noto Sans Yi" "NOTO_SANS_YI" "Noto Sans Yi" "NOTO-SANS-YI" "Noto Sans Yi" "NOTO SANS ZAWGYI" "Noto Sans Zawgyi" "NOTOSANSZAWGYI" "Noto Sans Zawgyi" "NOTO_SANS_ZAWGYI" "Noto Sans Zawgyi" "NOTO-SANS-ZAWGYI" "Noto Sans Zawgyi" "NOTO SERIF BALINESE" "Noto Serif Balinese" "NOTOSERIFBALINESE" "Noto Serif Balinese" "NOTO_SERIF_BALINESE" "Noto Serif Balinese" "NOTO-SERIF-BALINESE" "Noto Serif Balinese" "NOTO SERIF KANNADA" "Noto Serif Kannada" "NOTOSERIFKANNADA" "Noto Serif Kannada" "NOTO_SERIF_KANNADA" "Noto Serif Kannada" "NOTO-SERIF-KANNADA" "Noto Serif Kannada" "NOTO SERIF MYANMAR" "Noto Serif Myanmar" "NOTOSERIFMYANMAR" "Noto Serif Myanmar" "NOTO_SERIF_MYANMAR" "Noto Serif Myanmar" "NOTO-SERIF-MYANMAR" "Noto Serif Myanmar" "NOVAMONO FOR POWERLINE" "NovaMono for Powerline" "NOVAMONOFORPOWERLINE" "NovaMono for Powerline" "NOVAMONO_FOR_POWERLINE" "NovaMono for Powerline" "NOVAMONO-FOR-POWERLINE" "NovaMono for Powerline" "NOVA MONO FOR POWERLINE" "NovaMono for Powerline" "NOVA_MONO_FOR_POWERLINE" "NovaMono for Powerline" "NOVA-MONO-FOR-POWERLINE" "NovaMono for Powerline" "OPTIMA" "Optima" "ORIYA MN" "Oriya MN" "ORIYAMN" "Oriya MN" "ORIYA_MN" "Oriya MN" "ORIYA-MN" "Oriya MN" "ORIYA SANGAM MN" "Oriya Sangam MN" "ORIYASANGAMMN" "Oriya Sangam MN" "ORIYA_SANGAM_MN" "Oriya Sangam MN" "ORIYA-SANGAM-MN" "Oriya Sangam MN" "OSAKA" "Osaka" "PCMYUNGJO" "PCMyungjo" "PSL ORNANONG PRO" "PSL Ornanong Pro" "PSLORNANONGPRO" "PSL Ornanong Pro" "PSL_ORNANONG_PRO" "PSL Ornanong Pro" "PSL-ORNANONG-PRO" "PSL Ornanong Pro" "PT MONO" "PT Mono" "PTMONO" "PT Mono" "PT_MONO" "PT Mono" "PT-MONO" "PT Mono" "PT SANS" "PT Sans" "PTSANS" "PT Sans" "PT_SANS" "PT Sans" "PT-SANS" "PT Sans" "PT SANS CAPTION" "PT Sans Caption" "PTSANSCAPTION" "PT Sans Caption" "PT_SANS_CAPTION" "PT Sans Caption" "PT-SANS-CAPTION" "PT Sans Caption" "PT SANS NARROW" "PT Sans Narrow" "PTSANSNARROW" "PT Sans Narrow" "PT_SANS_NARROW" "PT Sans Narrow" "PT-SANS-NARROW" "PT Sans Narrow" "PT SERIF" "PT Serif" "PTSERIF" "PT Serif" "PT_SERIF" "PT Serif" "PT-SERIF" "PT Serif" "PT SERIF CAPTION" "PT Serif Caption" "PTSERIFCAPTION" "PT Serif Caption" "PT_SERIF_CAPTION" "PT Serif Caption" "PT-SERIF-CAPTION" "PT Serif Caption" "PALATINO" "Palatino" "PAPYRUS" "Papyrus" "PHOSPHATE" "Phosphate" "PILGI" "PilGi" "PIL GI" "PilGi" "PIL_GI" "PilGi" "PIL-GI" "PilGi" "PINGFANG HK" "PingFang HK" "PINGFANGHK" "PingFang HK" "PINGFANG_HK" "PingFang HK" "PINGFANG-HK" "PingFang HK" "PING FANG HK" "PingFang HK" "PING_FANG_HK" "PingFang HK" "PING-FANG-HK" "PingFang HK" "PINGFANG SC" "PingFang SC" "PINGFANGSC" "PingFang SC" "PINGFANG_SC" "PingFang SC" "PINGFANG-SC" "PingFang SC" "PING FANG SC" "PingFang SC" "PING_FANG_SC" "PingFang SC" "PING-FANG-SC" "PingFang SC" "PINGFANG TC" "PingFang TC" "PINGFANGTC" "PingFang TC" "PINGFANG_TC" "PingFang TC" "PINGFANG-TC" "PingFang TC" "PING FANG TC" "PingFang TC" "PING_FANG_TC" "PingFang TC" "PING-FANG-TC" "PingFang TC" "PLANTAGENET CHEROKEE" "Plantagenet Cherokee" "PLANTAGENETCHEROKEE" "Plantagenet Cherokee" "PLANTAGENET_CHEROKEE" "Plantagenet Cherokee" "PLANTAGENET-CHEROKEE" "Plantagenet Cherokee" "PROFONT FOR POWERLINE" "ProFont for Powerline" "PROFONTFORPOWERLINE" "ProFont for Powerline" "PROFONT_FOR_POWERLINE" "ProFont for Powerline" "PROFONT-FOR-POWERLINE" "ProFont for Powerline" "PRO FONT FOR POWERLINE" "ProFont for Powerline" "PRO_FONT_FOR_POWERLINE" "ProFont for Powerline" "PRO-FONT-FOR-POWERLINE" "ProFont for Powerline" "QUIVIRA" "Quivira" "RAANANA" "Raanana" "ROBOTO MONO LIGHT FOR POWERLINE" "Roboto Mono Light for Powerline" "ROBOTOMONOLIGHTFORPOWERLINE" "Roboto Mono Light for Powerline" "ROBOTO_MONO_LIGHT_FOR_POWERLINE" "Roboto Mono Light for Powerline" "ROBOTO-MONO-LIGHT-FOR-POWERLINE" "Roboto Mono Light for Powerline" "ROBOTO MONO MEDIUM FOR POWERLINE" "Roboto Mono Medium for Powerline" "ROBOTOMONOMEDIUMFORPOWERLINE" "Roboto Mono Medium for Powerline" "ROBOTO_MONO_MEDIUM_FOR_POWERLINE" "Roboto Mono Medium for Powerline" "ROBOTO-MONO-MEDIUM-FOR-POWERLINE" "Roboto Mono Medium for Powerline" "ROBOTO MONO THIN FOR POWERLINE" "Roboto Mono Thin for Powerline" "ROBOTOMONOTHINFORPOWERLINE" "Roboto Mono Thin for Powerline" "ROBOTO_MONO_THIN_FOR_POWERLINE" "Roboto Mono Thin for Powerline" "ROBOTO-MONO-THIN-FOR-POWERLINE" "Roboto Mono Thin for Powerline" "ROBOTO MONO FOR POWERLINE" "Roboto Mono for Powerline" "ROBOTOMONOFORPOWERLINE" "Roboto Mono for Powerline" "ROBOTO_MONO_FOR_POWERLINE" "Roboto Mono for Powerline" "ROBOTO-MONO-FOR-POWERLINE" "Roboto Mono for Powerline" "ROCKWELL" "Rockwell" "STFANGSONG" "STFangsong" "STHEITI" "STHeiti" "STIXGENERAL" "STIXGeneral" "STIXINTEGRALSD" "STIXIntegralsD" "STIXINTEGRALS D" "STIXIntegralsD" "STIXINTEGRALS_D" "STIXIntegralsD" "STIXINTEGRALS-D" "STIXIntegralsD" "STIXINTEGRALSSM" "STIXIntegralsSm" "STIXINTEGRALS SM" "STIXIntegralsSm" "STIXINTEGRALS_SM" "STIXIntegralsSm" "STIXINTEGRALS-SM" "STIXIntegralsSm" "STIXINTEGRALSUP" "STIXIntegralsUp" "STIXINTEGRALS UP" "STIXIntegralsUp" "STIXINTEGRALS_UP" "STIXIntegralsUp" "STIXINTEGRALS-UP" "STIXIntegralsUp" "STIXINTEGRALSUPD" "STIXIntegralsUpD" "STIXINTEGRALS UP D" "STIXIntegralsUpD" "STIXINTEGRALS_UP_D" "STIXIntegralsUpD" "STIXINTEGRALS-UP-D" "STIXIntegralsUpD" "STIXINTEGRALSUPSM" "STIXIntegralsUpSm" "STIXINTEGRALS UP SM" "STIXIntegralsUpSm" "STIXINTEGRALS_UP_SM" "STIXIntegralsUpSm" "STIXINTEGRALS-UP-SM" "STIXIntegralsUpSm" "STIXNONUNICODE" "STIXNonUnicode" "STIXNON UNICODE" "STIXNonUnicode" "STIXNON_UNICODE" "STIXNonUnicode" "STIXNON-UNICODE" "STIXNonUnicode" "STIXSIZEFIVESYM" "STIXSizeFiveSym" "STIXSIZE FIVE SYM" "STIXSizeFiveSym" "STIXSIZE_FIVE_SYM" "STIXSizeFiveSym" "STIXSIZE-FIVE-SYM" "STIXSizeFiveSym" "STIXSIZEFOURSYM" "STIXSizeFourSym" "STIXSIZE FOUR SYM" "STIXSizeFourSym" "STIXSIZE_FOUR_SYM" "STIXSizeFourSym" "STIXSIZE-FOUR-SYM" "STIXSizeFourSym" "STIXSIZEONESYM" "STIXSizeOneSym" "STIXSIZE ONE SYM" "STIXSizeOneSym" "STIXSIZE_ONE_SYM" "STIXSizeOneSym" "STIXSIZE-ONE-SYM" "STIXSizeOneSym" "STIXSIZETHREESYM" "STIXSizeThreeSym" "STIXSIZE THREE SYM" "STIXSizeThreeSym" "STIXSIZE_THREE_SYM" "STIXSizeThreeSym" "STIXSIZE-THREE-SYM" "STIXSizeThreeSym" "STIXSIZETWOSYM" "STIXSizeTwoSym" "STIXSIZE TWO SYM" "STIXSizeTwoSym" "STIXSIZE_TWO_SYM" "STIXSizeTwoSym" "STIXSIZE-TWO-SYM" "STIXSizeTwoSym" "STIXVARIANTS" "STIXVariants" "STKAITI" "STKaiti" "STSONG" "STSong" "SANA" "Sana" "SATHU" "Sathu" "SAVOYE LET" "Savoye LET" "SAVOYELET" "Savoye LET" "SAVOYE_LET" "Savoye LET" "SAVOYE-LET" "Savoye LET" "SERAVEK" "Seravek" "SHOBHIKA" "Shobhika" "SHREE DEVANAGARI 714" "Shree Devanagari 714" "SHREEDEVANAGARI714" "Shree Devanagari 714" "SHREE_DEVANAGARI_714" "Shree Devanagari 714" "SHREE-DEVANAGARI-714" "Shree Devanagari 714" "SIGNPAINTER" "SignPainter" "SIGN PAINTER" "SignPainter" "SIGN_PAINTER" "SignPainter" "SIGN-PAINTER" "SignPainter" "SILOM" "Silom" "SINHALA MN" "Sinhala MN" "SINHALAMN" "Sinhala MN" "SINHALA_MN" "Sinhala MN" "SINHALA-MN" "Sinhala MN" "SINHALA SANGAM MN" "Sinhala Sangam MN" "SINHALASANGAMMN" "Sinhala Sangam MN" "SINHALA_SANGAM_MN" "Sinhala Sangam MN" "SINHALA-SANGAM-MN" "Sinhala Sangam MN" "SKIA" "Skia" "SNELL ROUNDHAND" "Snell Roundhand" "SNELLROUNDHAND" "Snell Roundhand" "SNELL_ROUNDHAND" "Snell Roundhand" "SNELL-ROUNDHAND" "Snell Roundhand" "SONGTI SC" "Songti SC" "SONGTISC" "Songti SC" "SONGTI_SC" "Songti SC" "SONGTI-SC" "Songti SC" "SONGTI TC" "Songti TC" "SONGTITC" "Songti TC" "SONGTI_TC" "Songti TC" "SONGTI-TC" "Songti TC" "SOURCE CODE PRO FOR POWERLINE" "Source Code Pro for Powerline" "SOURCECODEPROFORPOWERLINE" "Source Code Pro for Powerline" "SOURCE_CODE_PRO_FOR_POWERLINE" "Source Code Pro for Powerline" "SOURCE-CODE-PRO-FOR-POWERLINE" "Source Code Pro for Powerline" "SPACE MONO" "Space Mono" "SPACEMONO" "Space Mono" "SPACE_MONO" "Space Mono" "SPACE-MONO" "Space Mono" "SPACE MONO FOR POWERLINE" "Space Mono for Powerline" "SPACEMONOFORPOWERLINE" "Space Mono for Powerline" "SPACE_MONO_FOR_POWERLINE" "Space Mono for Powerline" "SPACE-MONO-FOR-POWERLINE" "Space Mono for Powerline" "SUKHUMVIT SET" "Sukhumvit Set" "SUKHUMVITSET" "Sukhumvit Set" "SUKHUMVIT_SET" "Sukhumvit Set" "SUKHUMVIT-SET" "Sukhumvit Set" "SUPERCLARENDON" "Superclarendon" "SYMBOL" "Symbol" "SYMBOL NEU FOR POWERLINE" "Symbol Neu for Powerline" "SYMBOLNEUFORPOWERLINE" "Symbol Neu for Powerline" "SYMBOL_NEU_FOR_POWERLINE" "Symbol Neu for Powerline" "SYMBOL-NEU-FOR-POWERLINE" "Symbol Neu for Powerline" "TAHOMA" "Tahoma" "TAMIL MN" "Tamil MN" "TAMILMN" "Tamil MN" "TAMIL_MN" "Tamil MN" "TAMIL-MN" "Tamil MN" "TAMIL SANGAM MN" "Tamil Sangam MN" "TAMILSANGAMMN" "Tamil Sangam MN" "TAMIL_SANGAM_MN" "Tamil Sangam MN" "TAMIL-SANGAM-MN" "Tamil Sangam MN" "TELUGU MN" "Telugu MN" "TELUGUMN" "Telugu MN" "TELUGU_MN" "Telugu MN" "TELUGU-MN" "Telugu MN" "TELUGU SANGAM MN" "Telugu Sangam MN" "TELUGUSANGAMMN" "Telugu Sangam MN" "TELUGU_SANGAM_MN" "Telugu Sangam MN" "TELUGU-SANGAM-MN" "Telugu Sangam MN" "THONBURI" "Thonburi" "TIMES" "Times" "TIMES NEW ROMAN" "Times New Roman" "TIMESNEWROMAN" "Times New Roman" "TIMES_NEW_ROMAN" "Times New Roman" "TIMES-NEW-ROMAN" "Times New Roman" "TINOS FOR POWERLINE" "Tinos for Powerline" "TINOSFORPOWERLINE" "Tinos for Powerline" "TINOS_FOR_POWERLINE" "Tinos for Powerline" "TINOS-FOR-POWERLINE" "Tinos for Powerline" "TIRO BANGLA" "Tiro Bangla" "TIROBANGLA" "Tiro Bangla" "TIRO_BANGLA" "Tiro Bangla" "TIRO-BANGLA" "Tiro Bangla" "TIRO GURMUKHI" "Tiro Gurmukhi" "TIROGURMUKHI" "Tiro Gurmukhi" "TIRO_GURMUKHI" "Tiro Gurmukhi" "TIRO-GURMUKHI" "Tiro Gurmukhi" "TIRO HINDI" "Tiro Hindi" "TIROHINDI" "Tiro Hindi" "TIRO_HINDI" "Tiro Hindi" "TIRO-HINDI" "Tiro Hindi" "TIRO KANNADA" "Tiro Kannada" "TIROKANNADA" "Tiro Kannada" "TIRO_KANNADA" "Tiro Kannada" "TIRO-KANNADA" "Tiro Kannada" "TIRO MARATHI" "Tiro Marathi" "TIROMARATHI" "Tiro Marathi" "TIRO_MARATHI" "Tiro Marathi" "TIRO-MARATHI" "Tiro Marathi" "TIRO SANSKRIT" "Tiro Sanskrit" "TIROSANSKRIT" "Tiro Sanskrit" "TIRO_SANSKRIT" "Tiro Sanskrit" "TIRO-SANSKRIT" "Tiro Sanskrit" "TIRO TAMIL" "Tiro Tamil" "TIROTAMIL" "Tiro Tamil" "TIRO_TAMIL" "Tiro Tamil" "TIRO-TAMIL" "Tiro Tamil" "TIRO TELUGU" "Tiro Telugu" "TIROTELUGU" "Tiro Telugu" "TIRO_TELUGU" "Tiro Telugu" "TIRO-TELUGU" "Tiro Telugu" "TOPPAN BUNKYU GOTHIC" "Toppan Bunkyu Gothic" "TOPPANBUNKYUGOTHIC" "Toppan Bunkyu Gothic" "TOPPAN_BUNKYU_GOTHIC" "Toppan Bunkyu Gothic" "TOPPAN-BUNKYU-GOTHIC" "Toppan Bunkyu Gothic" "TOPPAN BUNKYU MIDASHI GOTHIC" "Toppan Bunkyu Midashi Gothic" "TOPPANBUNKYUMIDASHIGOTHIC" "Toppan Bunkyu Midashi Gothic" "TOPPAN_BUNKYU_MIDASHI_GOTHIC" "Toppan Bunkyu Midashi Gothic" "TOPPAN-BUNKYU-MIDASHI-GOTHIC" "Toppan Bunkyu Midashi Gothic" "TOPPAN BUNKYU MIDASHI MINCHO" "Toppan Bunkyu Midashi Mincho" "TOPPANBUNKYUMIDASHIMINCHO" "Toppan Bunkyu Midashi Mincho" "TOPPAN_BUNKYU_MIDASHI_MINCHO" "Toppan Bunkyu Midashi Mincho" "TOPPAN-BUNKYU-MIDASHI-MINCHO" "Toppan Bunkyu Midashi Mincho" "TOPPAN BUNKYU MINCHO" "Toppan Bunkyu Mincho" "TOPPANBUNKYUMINCHO" "Toppan Bunkyu Mincho" "TOPPAN_BUNKYU_MINCHO" "Toppan Bunkyu Mincho" "TOPPAN-BUNKYU-MINCHO" "Toppan Bunkyu Mincho" "TRATTATELLO" "Trattatello" "TREBUCHET MS" "Trebuchet MS" "TREBUCHETMS" "Trebuchet MS" "TREBUCHET_MS" "Trebuchet MS" "TREBUCHET-MS" "Trebuchet MS" "TSUKUSHI A ROUND GOTHIC" "Tsukushi A Round Gothic" "TSUKUSHIAROUNDGOTHIC" "Tsukushi A Round Gothic" "TSUKUSHI_A_ROUND_GOTHIC" "Tsukushi A Round Gothic" "TSUKUSHI-A-ROUND-GOTHIC" "Tsukushi A Round Gothic" "TSUKUSHI B ROUND GOTHIC" "Tsukushi B Round Gothic" "TSUKUSHIBROUNDGOTHIC" "Tsukushi B Round Gothic" "TSUKUSHI_B_ROUND_GOTHIC" "Tsukushi B Round Gothic" "TSUKUSHI-B-ROUND-GOTHIC" "Tsukushi B Round Gothic" "UBUNTU MONO DERIVATIVE POWERLINE" "Ubuntu Mono derivative Powerline" "UBUNTUMONODERIVATIVEPOWERLINE" "Ubuntu Mono derivative Powerline" "UBUNTU_MONO_DERIVATIVE_POWERLINE" "Ubuntu Mono derivative Powerline" "UBUNTU-MONO-DERIVATIVE-POWERLINE" "Ubuntu Mono derivative Powerline" "VERDANA" "Verdana" "WASEEM" "Waseem" "WAWATI SC" "Wawati SC" "WAWATISC" "Wawati SC" "WAWATI_SC" "Wawati SC" "WAWATI-SC" "Wawati SC" "WAWATI TC" "Wawati TC" "WAWATITC" "Wawati TC" "WAWATI_TC" "Wawati TC" "WAWATI-TC" "Wawati TC" "WEBDINGS" "Webdings" "WEIBEI SC" "Weibei SC" "WEIBEISC" "Weibei SC" "WEIBEI_SC" "Weibei SC" "WEIBEI-SC" "Weibei SC" "WEIBEI TC" "Weibei TC" "WEIBEITC" "Weibei TC" "WEIBEI_TC" "Weibei TC" "WEIBEI-TC" "Weibei TC" "WINGDINGS" "Wingdings" "WINGDINGS 2" "Wingdings 2" "WINGDINGS2" "Wingdings 2" "WINGDINGS_2" "Wingdings 2" "WINGDINGS-2" "Wingdings 2" "WINGDINGS 3" "Wingdings 3" "WINGDINGS3" "Wingdings 3" "WINGDINGS_3" "Wingdings 3" "WINGDINGS-3" "Wingdings 3" "XINGKAI SC" "Xingkai SC" "XINGKAISC" "Xingkai SC" "XINGKAI_SC" "Xingkai SC" "XINGKAI-SC" "Xingkai SC" "XINGKAI TC" "Xingkai TC" "XINGKAITC" "Xingkai TC" "XINGKAI_TC" "Xingkai TC" "XINGKAI-TC" "Xingkai TC" "YUGOTHIC" "YuGothic" "YU GOTHIC" "YuGothic" "YU_GOTHIC" "YuGothic" "YU-GOTHIC" "YuGothic" "YUKYOKASHO" "YuKyokasho" "YU KYOKASHO" "YuKyokasho" "YU_KYOKASHO" "YuKyokasho" "YU-KYOKASHO" "YuKyokasho" "YUKYOKASHO YOKO" "YuKyokasho Yoko" "YUKYOKASHOYOKO" "YuKyokasho Yoko" "YUKYOKASHO_YOKO" "YuKyokasho Yoko" "YUKYOKASHO-YOKO" "YuKyokasho Yoko" "YU KYOKASHO YOKO" "YuKyokasho Yoko" "YU_KYOKASHO_YOKO" "YuKyokasho Yoko" "YU-KYOKASHO-YOKO" "YuKyokasho Yoko" "YUMINCHO" "YuMincho" "YU MINCHO" "YuMincho" "YU_MINCHO" "YuMincho" "YU-MINCHO" "YuMincho" "YUMINCHO +36P KANA" "YuMincho +36p Kana" "YUMINCHO+36PKANA" "YuMincho +36p Kana" "YUMINCHO_+36P_KANA" "YuMincho +36p Kana" "YUMINCHO-+36P-KANA" "YuMincho +36p Kana" "YU MINCHO +36P KANA" "YuMincho +36p Kana" "YU_MINCHO_+36P_KANA" "YuMincho +36p Kana" "YU-MINCHO-+36P-KANA" "YuMincho +36p Kana" "YUANTI SC" "Yuanti SC" "YUANTISC" "Yuanti SC" "YUANTI_SC" "Yuanti SC" "YUANTI-SC" "Yuanti SC" "YUANTI TC" "Yuanti TC" "YUANTITC" "Yuanti TC" "YUANTI_TC" "Yuanti TC" "YUANTI-TC" "Yuanti TC" "YUPPY SC" "Yuppy SC" "YUPPYSC" "Yuppy SC" "YUPPY_SC" "Yuppy SC" "YUPPY-SC" "Yuppy SC" "YUPPY TC" "Yuppy TC" "YUPPYTC" "Yuppy TC" "YUPPY_TC" "Yuppy TC" "YUPPY-TC" "Yuppy TC" "ZAPF DINGBATS" "Zapf Dingbats" "ZAPFDINGBATS" "Zapf Dingbats" "ZAPF_DINGBATS" "Zapf Dingbats" "ZAPF-DINGBATS" "Zapf Dingbats" "ZAPFINO" "Zapfino" "MONOFUR FOR POWERLINE" "monofur for Powerline" "MONOFURFORPOWERLINE" "monofur for Powerline" "MONOFUR_FOR_POWERLINE" "monofur for Powerline" "MONOFUR-FOR-POWERLINE" "monofur for Powerline")))))
  :timestamp 1629749724.559769)
